sample	Location	Young_Adult	Gender.x	Age	RunNumber	Library	SamplingLocation	Group	Groupv2	Order	sample_id	ID on Supplementary Figure 1b	Origin	Model	Adult_Pups	Cage	Gender	Age (Mice (weeks) - Human (Years))	Strain	SampleType	country_abbreviation	institute_abbreviation	within_group_number	sample_type_abbreviation	institute_full	new_sample_label	Analysis of
W1	AN	Adult	Unknown	Unknown	Run3	Nextera	Cecum	AN_Mus	WildMice	1	AN_1	-	Europe-France-Angers	Wild	Adult	Unknown	Unknown	Unknown	WildMice	Cecum	FR	CAU_Angers	2	C	Kiel University	FR_CAU_Angers_2_C	Metagenomics
W2	AN	Adult	Unknown	Unknown	Run3	Nextera	Cecum	AN_Mus	WildMice	2	AN_2	-	Europe-France-Angers	Wild	Adult	Unknown	Unknown	Unknown	WildMice	Cecum	FR	CAU_Angers	3	C	Kiel University	FR_CAU_Angers_3_C	Metagenomics
W3	AN	Adult	Unknown	Unknown	Run3	Nextera	Cecum	AN_Mus	WildMice	3	AN_3	-	Europe-France-Angers	Wild	Adult	Unknown	Unknown	Unknown	WildMice	Cecum	FR	CAU_Angers	5	C	Kiel University	FR_CAU_Angers_5_C	Metagenomics
W4	AN	Adult	Unknown	Unknown	Run3	Nextera	Cecum	AN_Mus	WildMice	4	AN_4	-	Europe-France-Angers	Wild	Adult	Unknown	Unknown	Unknown	WildMice	Cecum	FR	CAU_Angers	4	C	Kiel University	FR_CAU_Angers_4_C	Metagenomics
W5	AN	Adult	Unknown	Unknown	Run3	Nextera	Cecum	AN_Mus	WildMice	5	AN_5	-	Europe-France-Angers	Wild	Adult	Unknown	Unknown	Unknown	WildMice	Cecum	FR	CAU_Angers	1	C	Kiel University	FR_CAU_Angers_1_C	Metagenomics
Bahti_H36	Bellinzona	Adult	Male	9	Run1	TruSeq	Feces	SPF	SPF	6	Bellinzona_1	-	Europe-Switzerland-Bellinzona	SPF	Adult	Bel_1	Male	9	C57BL/6J	Feces	CH	USI	1	F	Università della Svizzera Italiana	CH_USI_1_F	Metagenomics
Bahti_H37	Bellinzona	Adult	Male	9	Run1	TruSeq	Feces	SPF	SPF	7	Bellinzona_2	-	Europe-Switzerland-Bellinzona	SPF	Adult	Bel_1	Male	9	C57BL/6J	Feces	CH	USI	2	F	Università della Svizzera Italiana	CH_USI_2_F	Metagenomics
Bahti_H38	Bellinzona	Adult	Male	9	Run1	TruSeq	Feces	SPF	SPF	8	Bellinzona_3	-	Europe-Switzerland-Bellinzona	SPF	Adult	Bel_3	Male	9	C57BL/6J	Feces	CH	USI	10	F	Università della Svizzera Italiana	CH_USI_10_F	Metagenomics
Bahti_H39	Bellinzona	Adult	Male	12	Run1	TruSeq	Feces	SPF	SPF	9	Bellinzona_4	-	Europe-Switzerland-Bellinzona	SPF	Adult	Bel_7	Male	12	C57BL/6J	Feces	CH	USI	27	F	Università della Svizzera Italiana	CH_USI_27_F	Metagenomics
Bahti_H40	Bellinzona	Adult	Male	12	Run1	TruSeq	Feces	SPF	SPF	10	Bellinzona_5	-	Europe-Switzerland-Bellinzona	SPF	Adult	Bel_7	Male	12	C57BL/6J	Feces	CH	USI	28	F	Università della Svizzera Italiana	CH_USI_28_F	Metagenomics
Bahti_H26	Bern	Adult	Female	16	Run1	TruSeq	Feces	SPF	SPF	11	Bern_1	-	Bern	SPF	Adult	Cage1	Male	16	C57BL/6J	Feces	CH	UNIBE	40	F	University of Bern	CH_UNIBE_40_F	Metagenomics
Bahti_H27	Bern	Adult	Female	16	Run1	TruSeq	Feces	SPF	SPF	12	Bern_2	-	Bern	SPF	Adult	Cage1	Male	16	C57BL/6J	Feces	CH	UNIBE	43	F	University of Bern	CH_UNIBE_43_F	Metagenomics
Bahti_H28	Bern	Adult	Female	16	Run1	TruSeq	Feces	SPF	SPF	13	Bern_3	-	Bern	SPF	Adult	Cage1	Male	16	C57BL/6J	Feces	CH	UNIBE	42	F	University of Bern	CH_UNIBE_42_F	Metagenomics
Bahti_H29	Bern	Adult	Female	16	Run1	TruSeq	Feces	SPF	SPF	14	Bern_4	-	Bern	SPF	Adult	Cage1	Male	16	C57BL/6J	Feces	CH	UNIBE	41	F	University of Bern	CH_UNIBE_41_F	Metagenomics
Bahti_H30	Bern	Adult	Female	16	Run1	TruSeq	Feces	SPF	SPF	15	Bern_5	-	Bern	SPF	Adult	Cage1	Male	16	C57BL/6J	Feces	CH	UNIBE	44	F	University of Bern	CH_UNIBE_44_F	Metagenomics
W108	Bern	Adult	Female	11	Run4	Nextera	Cecum	SPF	SPF	104	Bern_6	-	Bern	SPF	Adult	20	Female	11	C57BL/6J	Cecum	CH	UNIBE	1	C	University of Bern	CH_UNIBE_1_C	Metagenomics
W109	Bern	Adult	Female	11	Run4	Nextera	Cecum	SPF	SPF	105	Bern_7	-	Bern	SPF	Adult	20	Female	11	C57BL/6J	Cecum	CH	UNIBE	43	C	University of Bern	CH_UNIBE_43_C	Metagenomics
W110	Bern	Adult	Female	11	Run4	Nextera	Cecum	SPF	SPF	106	Bern_8	-	Bern	SPF	Adult	20	Female	11	C57BL/6J	Cecum	CH	UNIBE	2	C	University of Bern	CH_UNIBE_2_C	Metagenomics
W111	Bern	Adult	Female	11	Run4	Nextera	Cecum	SPF	SPF	107	Bern_9	-	Bern	SPF	Adult	20	Female	11	C57BL/6J	Cecum	CH	UNIBE	42	C	University of Bern	CH_UNIBE_42_C	Metagenomics
W112	Bern	Adult	Female	11	Run4	Nextera	Cecum	SPF	SPF	108	Bern_10	-	Bern	SPF	Adult	20	Female	11	C57BL/6J	Cecum	CH	UNIBE	5	C	University of Bern	CH_UNIBE_5_C	Metagenomics
W11	CB	Adult	Unknown	Unknown	Run3	Nextera	Cecum	CB_Mus	WildMice	16	CB_1	-	Europe-Germany-Cologne	Wild	Adult	Unknown	Unknown	Unknown	WildMice	Cecum	DE	CAU_Cologne	3	C	Kiel University	DE_CAU_Cologne_3_C	Metagenomics
W12	CB	Adult	Unknown	Unknown	Run3	Nextera	Cecum	CB_Mus	WildMice	17	CB_2	-	Europe-Germany-Cologne	Wild	Adult	Unknown	Unknown	Unknown	WildMice	Cecum	DE	CAU_Cologne	5	C	Kiel University	DE_CAU_Cologne_5_C	Metagenomics
W13	CB	Adult	Unknown	Unknown	Run3	Nextera	Cecum	CB_Mus	WildMice	18	CB_3	-	Europe-Germany-Cologne	Wild	Adult	Unknown	Unknown	Unknown	WildMice	Cecum	DE	CAU_Cologne	2	C	Kiel University	DE_CAU_Cologne_2_C	Metagenomics
W14	CB	Adult	Unknown	Unknown	Run3	Nextera	Cecum	CB_Mus	WildMice	19	CB_4	-	Europe-Germany-Cologne	Wild	Adult	Unknown	Unknown	Unknown	WildMice	Cecum	DE	CAU_Cologne	1	C	Kiel University	DE_CAU_Cologne_1_C	Metagenomics
W15	CB	Adult	Unknown	Unknown	Run3	Nextera	Cecum	CB_Mus	WildMice	20	CB_5	-	Europe-Germany-Cologne	Wild	Adult	Unknown	Unknown	Unknown	WildMice	Cecum	DE	CAU_Cologne	4	C	Kiel University	DE_CAU_Cologne_4_C	Metagenomics
W78	Champalimaud	Adult	Male	8	Run4	Nextera	Cecum	SPF	SPF	159	Champalimaud_1	-	Europe-Portugal-Alges	SPF	Adult	1	Male	8	C57BL/6J	Cecum	PT	CF	4	C	Champalimaud Foundation	PT_CF_4_C	Metagenomics
W79	Champalimaud	Adult	Male	8	Run4	Nextera	Cecum	SPF	SPF	160	Champalimaud_2	-	Europe-Portugal-Alges	SPF	Adult	1	Male	8	C57BL/6J	Cecum	PT	CF	1	C	Champalimaud Foundation	PT_CF_1_C	Metagenomics
W80	Champalimaud	Adult	Male	8	Run4	Nextera	Cecum	SPF	SPF	161	Champalimaud_3	-	Europe-Portugal-Alges	SPF	Adult	1	Male	8	C57BL/6J	Cecum	PT	CF	2	C	Champalimaud Foundation	PT_CF_2_C	Metagenomics
W81	Champalimaud	Adult	Male	8	Run4	Nextera	Cecum	SPF	SPF	162	Champalimaud_4	-	Europe-Portugal-Alges	SPF	Adult	1	Male	8	C57BL/6J	Cecum	PT	CF	5	C	Champalimaud Foundation	PT_CF_5_C	Metagenomics
W82	Champalimaud	Adult	Male	8	Run4	Nextera	Cecum	SPF	SPF	163	Champalimaud_5	-	Europe-Portugal-Alges	SPF	Adult	1	Male	8	C57BL/6J	Cecum	PT	CF	3	C	Champalimaud Foundation	PT_CF_3_C	Metagenomics
W48	Crick	Adult	Male	7	Run4	Nextera	Cecum	SPF	SPF	129	Crick_1	-	Europe-England-Crick	SPF	Adult	1	Male	7	C57BL/6J	Cecum	GB	CRICK	1	C	The Francis Crick Institute	GB_CRICK_1_C	Metagenomics
W49	Crick	Adult	Male	7	Run4	Nextera	Cecum	SPF	SPF	130	Crick_2	-	Europe-England-Crick	SPF	Adult	1	Male	7	C57BL/6J	Cecum	GB	CRICK	4	C	The Francis Crick Institute	GB_CRICK_4_C	Metagenomics
W50	Crick	Adult	Male	7	Run4	Nextera	Cecum	SPF	SPF	131	Crick_3	-	Europe-England-Crick	SPF	Adult	1	Male	7	C57BL/6J	Cecum	GB	CRICK	2	C	The Francis Crick Institute	GB_CRICK_2_C	Metagenomics
W51	Crick	Adult	Male	7	Run4	Nextera	Cecum	SPF	SPF	132	Crick_4	-	Europe-England-Crick	SPF	Adult	1	Male	7	C57BL/6J	Cecum	GB	CRICK	3	C	The Francis Crick Institute	GB_CRICK_3_C	Metagenomics
W52	Crick	Adult	Male	7	Run4	Nextera	Cecum	SPF	SPF	133	Crick_5	-	Europe-England-Crick	SPF	Adult	1	Male	7	C57BL/6J	Cecum	GB	CRICK	5	C	The Francis Crick Institute	GB_CRICK_5_C	Metagenomics
Crick1	Crick	Adult	Male	7	Run5	TruSeq	Feces	SPF	SPF	185	Crick_6	-	Europe-England-Crick	SPF	Adult	1	Male	7	C57BL/6J	Feces	GB	CRICK	1	F	The Francis Crick Institute	GB_CRICK_1_F	Metagenomics
Crick2	Crick	Adult	Male	7	Run5	TruSeq	Feces	SPF	SPF	186	Crick_7	-	Europe-England-Crick	SPF	Adult	1	Male	7	C57BL/6J	Feces	GB	CRICK	2	F	The Francis Crick Institute	GB_CRICK_2_F	Metagenomics
Crick3	Crick	Adult	Male	7	Run5	TruSeq	Feces	SPF	SPF	187	Crick_8	-	Europe-England-Crick	SPF	Adult	1	Male	7	C57BL/6J	Feces	GB	CRICK	4	F	The Francis Crick Institute	GB_CRICK_4_F	Metagenomics
Crick4	Crick	Adult	Male	7	Run5	TruSeq	Feces	SPF	SPF	188	Crick_9	-	Europe-England-Crick	SPF	Adult	1	Male	7	C57BL/6J	Feces	GB	CRICK	3	F	The Francis Crick Institute	GB_CRICK_3_F	Metagenomics
W10	DB	Adult	Unknown	Unknown	Run3	Nextera	Cecum	DB_Mus	WildMice	21	DB_1	-	Europe-France-Divonne_les_bains	Wild	Adult	Unknown	Unknown	Unknown	WildMice	Cecum	FR	CAU_DivonneLesBains	1	C	Kiel University	FR_CAU_DivonneLesBains_1_C	Metagenomics
W6	DB	Adult	Unknown	Unknown	Run3	Nextera	Cecum	DB_Mus	WildMice	22	DB_2	-	Europe-France-Divonne_les_bains	Wild	Adult	Unknown	Unknown	Unknown	WildMice	Cecum	FR	CAU_DivonneLesBains	3	C	Kiel University	FR_CAU_DivonneLesBains_3_C	Metagenomics
W7	DB	Adult	Unknown	Unknown	Run3	Nextera	Cecum	DB_Mus	WildMice	23	DB_3	-	Europe-France-Divonne_les_bains	Wild	Adult	Unknown	Unknown	Unknown	WildMice	Cecum	FR	CAU_DivonneLesBains	4	C	Kiel University	FR_CAU_DivonneLesBains_4_C	Metagenomics
W8	DB	Adult	Unknown	Unknown	Run3	Nextera	Cecum	DB_Mus	WildMice	24	DB_4	-	Europe-France-Divonne_les_bains	Wild	Adult	Unknown	Unknown	Unknown	WildMice	Cecum	FR	CAU_DivonneLesBains	5	C	Kiel University	FR_CAU_DivonneLesBains_5_C	Metagenomics
W9	DB	Adult	Unknown	Unknown	Run3	Nextera	Cecum	DB_Mus	WildMice	25	DB_5	-	Europe-France-Divonne_les_bains	Wild	Adult	Unknown	Unknown	Unknown	WildMice	Cecum	FR	CAU_DivonneLesBains	2	C	Kiel University	FR_CAU_DivonneLesBains_2_C	Metagenomics
W16	ES	Adult	Unknown	Unknown	Run3	Nextera	Cecum	ES_Mus	WildMice	26	ES_1	-	Europe-France-Espelette	Wild	Adult	Unknown	Unknown	Unknown	WildMice	Cecum	FR	CAU_Espelette	4	C	Kiel University	FR_CAU_Espelette_4_C	Metagenomics
W17	ES	Adult	Unknown	Unknown	Run3	Nextera	Cecum	ES_Mus	WildMice	27	ES_2	-	Europe-France-Espelette	Wild	Adult	Unknown	Unknown	Unknown	WildMice	Cecum	FR	CAU_Espelette	2	C	Kiel University	FR_CAU_Espelette_2_C	Metagenomics
W18	ES	Adult	Unknown	Unknown	Run3	Nextera	Cecum	ES_Mus	WildMice	28	ES_3	-	Europe-France-Espelette	Wild	Adult	Unknown	Unknown	Unknown	WildMice	Cecum	FR	CAU_Espelette	1	C	Kiel University	FR_CAU_Espelette_1_C	Metagenomics
W19	ES	Adult	Unknown	Unknown	Run3	Nextera	Cecum	ES_Mus	WildMice	29	ES_4	-	Europe-France-Espelette	Wild	Adult	Unknown	Unknown	Unknown	WildMice	Cecum	FR	CAU_Espelette	5	C	Kiel University	FR_CAU_Espelette_5_C	Metagenomics
W20	ES	Adult	Unknown	Unknown	Run3	Nextera	Cecum	ES_Mus	WildMice	30	ES_5	-	Europe-France-Espelette	Wild	Adult	Unknown	Unknown	Unknown	WildMice	Cecum	FR	CAU_Espelette	3	C	Kiel University	FR_CAU_Espelette_3_C	Metagenomics
W83	Freiburg	Adult	Male	8	Run4	Nextera	Cecum	SPF	SPF	164	Freiburg_1	-	Europe-Germany-Freiburg	SPF	Adult	1	Male	8	C57BL/6N	Cecum	DE	ALUF	2	C	University of Freiburg	DE_ALUF_2_C	Metagenomics
W84	Freiburg	Adult	Male	8	Run4	Nextera	Cecum	SPF	SPF	165	Freiburg_2	-	Europe-Germany-Freiburg	SPF	Adult	1	Male	8	C57BL/6N	Cecum	DE	ALUF	3	C	University of Freiburg	DE_ALUF_3_C	Metagenomics
W85	Freiburg	Adult	Male	8	Run4	Nextera	Cecum	SPF	SPF	166	Freiburg_3	-	Europe-Germany-Freiburg	SPF	Adult	1	Male	8	C57BL/6N	Cecum	DE	ALUF	5	C	University of Freiburg	DE_ALUF_5_C	Metagenomics
W86	Freiburg	Adult	Male	8	Run4	Nextera	Cecum	SPF	SPF	167	Freiburg_4	-	Europe-Germany-Freiburg	SPF	Adult	1	Male	8	C57BL/6N	Cecum	DE	ALUF	4	C	University of Freiburg	DE_ALUF_4_C	Metagenomics
W87	Freiburg	Adult	Male	8	Run4	Nextera	Cecum	SPF	SPF	168	Freiburg_5	-	Europe-Germany-Freiburg	SPF	Adult	1	Male	8	C57BL/6N	Cecum	DE	ALUF	1	C	University of Freiburg	DE_ALUF_1_C	Metagenomics
W68	Geneva	Adult	Male	10	Run4	Nextera	Cecum	SPF	SPF	149	Geneva_1	-	Europe-Switzerland-Geneva	SPF	Adult	1	Male	10	C57BL/6J	Cecum	CH	UNG	4	C	University of Geneva	CH_UNG_4_C	Metagenomics
W69	Geneva	Adult	Male	10	Run4	Nextera	Cecum	SPF	SPF	150	Geneva_2	-	Europe-Switzerland-Geneva	SPF	Adult	1	Male	10	C57BL/6J	Cecum	CH	UNG	3	C	University of Geneva	CH_UNG_3_C	Metagenomics
W70	Geneva	Adult	Male	10	Run4	Nextera	Cecum	SPF	SPF	151	Geneva_3	-	Europe-Switzerland-Geneva	SPF	Adult	1	Male	10	C57BL/6J	Cecum	CH	UNG	5	C	University of Geneva	CH_UNG_5_C	Metagenomics
W71	Geneva	Adult	Male	10	Run4	Nextera	Cecum	SPF	SPF	152	Geneva_4	-	Europe-Switzerland-Geneva	SPF	Adult	1	Male	10	C57BL/6J	Cecum	CH	UNG	2	C	University of Geneva	CH_UNG_2_C	Metagenomics
W72	Geneva	Adult	Male	10	Run4	Nextera	Cecum	SPF	SPF	153	Geneva_5	-	Europe-Switzerland-Geneva	SPF	Adult	1	Male	10	C57BL/6J	Cecum	CH	UNG	1	C	University of Geneva	CH_UNG_1_C	Metagenomics
W63	Gothenburg	Adult	Male	10	Run4	Nextera	Cecum	SPF	SPF	144	Gothenburg_1	-	Europe-Sweden-Gothenburg	SPF	Adult	1	Male	10	C57BL/6J	Cecum	SE	GU	1	C	University of Gothenburg	SE_GU_1_C	Metagenomics
W64	Gothenburg	Adult	Male	10	Run4	Nextera	Cecum	SPF	SPF	145	Gothenburg_2	-	Europe-Sweden-Gothenburg	SPF	Adult	1	Male	10	C57BL/6J	Cecum	SE	GU	2	C	University of Gothenburg	SE_GU_2_C	Metagenomics
W65	Gothenburg	Adult	Male	10	Run4	Nextera	Cecum	SPF	SPF	146	Gothenburg_3	-	Europe-Sweden-Gothenburg	SPF	Adult	1	Male	10	C57BL/6J	Cecum	SE	GU	3	C	University of Gothenburg	SE_GU_3_C	Metagenomics
W66	Gothenburg	Adult	Male	10	Run4	Nextera	Cecum	SPF	SPF	147	Gothenburg_4	-	Europe-Sweden-Gothenburg	SPF	Adult	1	Male	10	C57BL/6J	Cecum	SE	GU	4	C	University of Gothenburg	SE_GU_4_C	Metagenomics
W67	Gothenburg	Adult	Male	10	Run4	Nextera	Cecum	SPF	SPF	148	Gothenburg_5	-	Europe-Sweden-Gothenburg	SPF	Adult	1	Male	10	C57BL/6J	Cecum	SE	GU	5	C	University of Gothenburg	SE_GU_5_C	Metagenomics
Sweden1	Gothenburg	Adult	Male	10	Run5	TruSeq	Feces	SPF	SPF	201	Gothenburg_6	-	Europe-Sweden-Gothenburg	SPF	Adult	1	Male	10	C57BL/6J	Feces	SE	GU	1	F	University of Gothenburg	SE_GU_1_F	Metagenomics
Sweden2	Gothenburg	Adult	Male	10	Run5	TruSeq	Feces	SPF	SPF	202	Gothenburg_7	-	Europe-Sweden-Gothenburg	SPF	Adult	1	Male	10	C57BL/6J	Feces	SE	GU	2	F	University of Gothenburg	SE_GU_2_F	Metagenomics
Sweden3	Gothenburg	Adult	Male	10	Run5	TruSeq	Feces	SPF	SPF	203	Gothenburg_8	-	Europe-Sweden-Gothenburg	SPF	Adult	1	Male	10	C57BL/6J	Feces	SE	GU	3	F	University of Gothenburg	SE_GU_3_F	Metagenomics
Sweden4	Gothenburg	Adult	Male	10	Run5	TruSeq	Feces	SPF	SPF	204	Gothenburg_9	-	Europe-Sweden-Gothenburg	SPF	Adult	1	Male	10	C57BL/6J	Feces	SE	GU	4	F	University of Gothenburg	SE_GU_4_F	Metagenomics
W53	Greece	Adult	Male	10	Run4	Nextera	Cecum	SPF	SPF	134	Greece_1	-	Europe-Greece-Athens	SPF	Adult	1	Male	10	C57BL/6J	Cecum	GR	BSRC	1	C	Biomedical Sciences Research Center "Alexander Fleming"	GR_BSRC_1_C	Metagenomics
W54	Greece	Adult	Male	10	Run4	Nextera	Cecum	SPF	SPF	135	Greece_2	-	Europe-Greece-Athens	SPF	Adult	1	Male	10	C57BL/6J	Cecum	GR	BSRC	2	C	Biomedical Sciences Research Center "Alexander Fleming"	GR_BSRC_2_C	Metagenomics
W55	Greece	Adult	Male	10	Run4	Nextera	Cecum	SPF	SPF	136	Greece_3	-	Europe-Greece-Athens	SPF	Adult	1	Male	10	C57BL/6J	Cecum	GR	BSRC	3	C	Biomedical Sciences Research Center "Alexander Fleming"	GR_BSRC_3_C	Metagenomics
W56	Greece	Adult	Male	10	Run4	Nextera	Cecum	SPF	SPF	137	Greece_4	-	Europe-Greece-Athens	SPF	Adult	1	Male	10	C57BL/6J	Cecum	GR	BSRC	4	C	Biomedical Sciences Research Center "Alexander Fleming"	GR_BSRC_4_C	Metagenomics
W57	Greece	Adult	Male	10	Run4	Nextera	Cecum	SPF	SPF	138	Greece_5	-	Europe-Greece-Athens	SPF	Adult	1	Male	10	C57BL/6J	Cecum	GR	BSRC	5	C	Biomedical Sciences Research Center "Alexander Fleming"	GR_BSRC_5_C	Metagenomics
Greece1	Greece	Adult	Male	12	Run5	TruSeq	Feces	SPF	SPF	189	Greece_6	-	Europe-Greece-Athens	SPF	Adult	1	Male	12	C57BL/6J	Feces	GR	BSRC	1	F	Biomedical Sciences Research Center "Alexander Fleming"	GR_BSRC_1_F	Metagenomics
Greece2	Greece	Adult	Male	12	Run5	TruSeq	Feces	SPF	SPF	190	Greece_7	-	Europe-Greece-Athens	SPF	Adult	1	Male	12	C57BL/6J	Feces	GR	BSRC	2	F	Biomedical Sciences Research Center "Alexander Fleming"	GR_BSRC_2_F	Metagenomics
Greece3	Greece	Adult	Male	12	Run5	TruSeq	Feces	SPF	SPF	191	Greece_8	-	Europe-Greece-Athens	SPF	Adult	1	Male	12	C57BL/6J	Feces	GR	BSRC	3	F	Biomedical Sciences Research Center "Alexander Fleming"	GR_BSRC_3_F	Metagenomics
Greece4	Greece	Adult	Male	12	Run5	TruSeq	Feces	SPF	SPF	192	Greece_9	-	Europe-Greece-Athens	SPF	Adult	1	Male	12	C57BL/6J	Feces	GR	BSRC	4	F	Biomedical Sciences Research Center "Alexander Fleming"	GR_BSRC_4_F	Metagenomics
Human1	Human	Adult	Male	38	Run6	SeqWell	Feces	Unknown	Human	250	Human_1	-	Human	Human	Adult	Unknown	Female	23	Human	Feces	CH	UNIBE	1	F	University of Bern	CH_UNIBE_1_F	Metagenomics
Human2	Human	Adult	Male	42	Run6	SeqWell	Feces	Unknown	Human	251	Human_2	-	Human	Human	Adult	Unknown	Male	37	Human	Feces	CH	UNIBE	2	F	University of Bern	CH_UNIBE_2_F	Metagenomics
Human3	Human	Adult	Male	41	Run6	SeqWell	Feces	Unknown	Human	252	Human_3	-	Human	Human	Adult	Unknown	Male	31	Human	Feces	CH	UNIBE	3	F	University of Bern	CH_UNIBE_3_F	Metagenomics
Human4	Human	Adult	Female	25	Run6	SeqWell	Feces	Unknown	Human	253	Human_4	-	Human	Human	Adult	Unknown	Female	24	Human	Feces	CH	UNIBE	4	F	University of Bern	CH_UNIBE_4_F	Metagenomics
Human5	Human	Adult	Male	31	Run6	SeqWell	Feces	Unknown	Human	254	Human_5	-	Human	Human	Adult	Unknown	Female	38	Human	Feces	CH	UNIBE	5	F	University of Bern	CH_UNIBE_5_F	Metagenomics
Human6	Human	Adult	Female	48	Run6	SeqWell	Feces	Unknown	Human	255	Human_6	-	Human	Human	Adult	Unknown	Male	36	Human	Feces	CH	UNIBE	6	F	University of Bern	CH_UNIBE_6_F	Metagenomics
Human7	Human	Adult	Female	38	Run6	SeqWell	Feces	Unknown	Human	256	Human_7	-	Human	Human	Adult	Unknown	Female	38	Human	Feces	CH	UNIBE	7	F	University of Bern	CH_UNIBE_7_F	Metagenomics
Human8	Human	Adult	Female	23	Run6	SeqWell	Feces	Unknown	Human	257	Human_8	-	Human	Human	Adult	Unknown	Female	23	Human	Feces	CH	UNIBE	8	F	University of Bern	CH_UNIBE_8_F	Metagenomics
Human9	Human	Adult	Male	55	Run6	SeqWell	Feces	Unknown	Human	258	Human_9	-	Human	Human	Adult	Unknown	Male	55	Human	Feces	CH	UNIBE	9	F	University of Bern	CH_UNIBE_9_F	Metagenomics
Human10	Human	Adult	Male	36	Run6	SeqWell	Feces	Unknown	Human	259	Human_10	-	Human	Human	Adult	Unknown	Male	36	Human	Feces	CH	UNIBE	10	F	University of Bern	CH_UNIBE_10_F	Metagenomics
Human11	Human	Adult	Male	56	Run6	SeqWell	Feces	Unknown	Human	260	Human_11	-	Human	Human	Adult	Unknown	Male	56	Human	Feces	CH	UNIBE	11	F	University of Bern	CH_UNIBE_11_F	Metagenomics
Human12	Human	Adult	Male	57	Run6	SeqWell	Feces	Unknown	Human	261	Human_12	-	Human	Human	Adult	Unknown	Male	57	Human	Feces	CH	UNIBE	12	F	University of Bern	CH_UNIBE_12_F	Metagenomics
Human13	Human	Adult	Female	24	Run6	SeqWell	Feces	Unknown	Human	262	Human_13	-	Human	Human	Adult	Unknown	Female	24	Human	Feces	CH	UNIBE	13	F	University of Bern	CH_UNIBE_13_F	Metagenomics
Human14	Human	Adult	Female	63	Run6	SeqWell	Feces	Unknown	Human	263	Human_14	-	Human	Human	Adult	Unknown	Female	63	Human	Feces	CH	UNIBE	14	F	University of Bern	CH_UNIBE_14_F	Metagenomics
Human15	Human	Adult	Female	54	Run6	SeqWell	Feces	Unknown	Human	264	Human_15	-	Human	Human	Adult	Unknown	Female	54	Human	Feces	CH	UNIBE	15	F	University of Bern	CH_UNIBE_15_F	Metagenomics
Human16	Human	Adult	Female	35	Run6	SeqWell	Feces	Unknown	Human	265	Human_16	-	Human	Human	Adult	Unknown	Female	35	Human	Feces	CH	UNIBE	16	F	University of Bern	CH_UNIBE_16_F	Metagenomics
W100	Humanitas	Adult	Male	8	Run4	Nextera	Feces	SPF	SPF	96	Humanitas_1	-	Milano1	SPF	Adult	1	Male	8	C57BL/6J	Feces	IT	HUNIMED	3	F	Humanitas University	IT_HUNIMED_3_F	Metagenomics
W101	Humanitas	Adult	Male	8	Run4	Nextera	Feces	SPF	SPF	97	Humanitas_2	-	Milano1	SPF	Adult	1	Male	8	C57BL/6J	Feces	IT	HUNIMED	4	F	Humanitas University	IT_HUNIMED_4_F	Metagenomics
W102	Humanitas	Adult	Male	8	Run4	Nextera	Feces	SPF	SPF	98	Humanitas_3	-	Milano1	SPF	Adult	1	Male	8	C57BL/6J	Feces	IT	HUNIMED	5	F	Humanitas University	IT_HUNIMED_5_F	Metagenomics
W98	Humanitas	Adult	Male	8	Run4	Nextera	Feces	SPF	SPF	179	Humanitas_4	-	Milano1	SPF	Adult	1	Male	8	C57BL/6J	Feces	IT	HUNIMED	1	F	Humanitas University	IT_HUNIMED_1_F	Metagenomics
W99	Humanitas	Adult	Male	8	Run4	Nextera	Feces	SPF	SPF	180	Humanitas_5	-	Milano1	SPF	Adult	1	Male	8	C57BL/6J	Feces	IT	HUNIMED	2	F	Humanitas University	IT_HUNIMED_2_F	Metagenomics
W88	Humanitas	Adult	Male	12	Run4	Nextera	Cecum	SPF	SPF	169	Humanitas_6	-	Milano1	SPF	Adult	1	Male	12	C57BL/6J	Cecum	IT	HUNIMED	1	C	Humanitas University	IT_HUNIMED_1_C	Metagenomics
W89	Humanitas	Adult	Male	12	Run4	Nextera	Cecum	SPF	SPF	170	Humanitas_7	-	Milano1	SPF	Adult	1	Male	12	C57BL/6J	Cecum	IT	HUNIMED	2	C	Humanitas University	IT_HUNIMED_2_C	Metagenomics
W90	Humanitas	Adult	Male	12	Run4	Nextera	Cecum	SPF	SPF	171	Humanitas_8	-	Milano1	SPF	Adult	1	Male	12	C57BL/6J	Cecum	IT	HUNIMED	3	C	Humanitas University	IT_HUNIMED_3_C	Metagenomics
W91	Humanitas	Adult	Male	12	Run4	Nextera	Cecum	SPF	SPF	172	Humanitas_9	-	Milano1	SPF	Adult	1	Male	12	C57BL/6J	Cecum	IT	HUNIMED	4	C	Humanitas University	IT_HUNIMED_4_C	Metagenomics
W92	Humanitas	Adult	Male	12	Run4	Nextera	Cecum	SPF	SPF	173	Humanitas_10	-	Milano1	SPF	Adult	1	Male	12	C57BL/6J	Cecum	IT	HUNIMED	5	C	Humanitas University	IT_HUNIMED_5_C	Metagenomics
Bahti_H41	Istanbul	Adult	Male	9	Run1	TruSeq	Feces	SPF	SPF	31	Istanbul_1	-	Europe-Turkey-Istanbul	SPF	Adult	F	Male	9	BALB/c	Feces	TR	IMU	2	F	Istanbul Medeniyet University	TR_IMU_2_F	Metagenomics
Bahti_H42	Istanbul	Adult	Male	9	Run1	TruSeq	Feces	SPF	SPF	32	Istanbul_2	-	Europe-Turkey-Istanbul	SPF	Adult	B	Male	9	BALB/c	Feces	TR	IMU	23	F	Istanbul Medeniyet University	TR_IMU_23_F	Metagenomics
Bahti_H43	Istanbul	Adult	Male	9	Run1	TruSeq	Feces	SPF	SPF	33	Istanbul_3	-	Europe-Turkey-Istanbul	SPF	Adult	A	Male	9	BALB/c	Feces	TR	IMU	1	F	Istanbul Medeniyet University	TR_IMU_1_F	Metagenomics
Bahti_H44	Istanbul	Adult	Male	9	Run1	TruSeq	Feces	SPF	SPF	34	Istanbul_4	-	Europe-Turkey-Istanbul	SPF	Adult	A	Male	9	BALB/c	Feces	TR	IMU	12	F	Istanbul Medeniyet University	TR_IMU_12_F	Metagenomics
Bahti_H45	Istanbul	Adult	Male	9	Run1	TruSeq	Feces	SPF	SPF	35	Istanbul_5	-	Europe-Turkey-Istanbul	SPF	Adult	B	Male	9	BALB/c	Feces	TR	IMU	26	F	Istanbul Medeniyet University	TR_IMU_26_F	Metagenomics
W43	Jagiellonian	Adult	Male	Unknown	Run4	Nextera	Cecum	SPF	SPF	124	Jagiellonian_1	-	Krakow	SPF	Adult	1	Male	12	C57BL/6J	Cecum	PL	UJ	1	C	Jagiellonian University	PL_UJ_1_C	Metagenomics
W44	Jagiellonian	Adult	Male	Unknown	Run4	Nextera	Cecum	SPF	SPF	125	Jagiellonian_2	-	Krakow	SPF	Adult	1	Male	12	C57BL/6J	Cecum	PL	UJ	2	C	Jagiellonian University	PL_UJ_2_C	Metagenomics
W45	Jagiellonian	Adult	Male	Unknown	Run4	Nextera	Cecum	SPF	SPF	126	Jagiellonian_3	-	Krakow	SPF	Adult	1	Male	12	C57BL/6J	Cecum	PL	UJ	3	C	Jagiellonian University	PL_UJ_3_C	Metagenomics
W46	Jagiellonian	Adult	Male	Unknown	Run4	Nextera	Cecum	SPF	SPF	127	Jagiellonian_4	-	Krakow	SPF	Adult	1	Male	12	C57BL/6J	Cecum	PL	UJ	4	C	Jagiellonian University	PL_UJ_4_C	Metagenomics
W47	Jagiellonian	Adult	Male	Unknown	Run4	Nextera	Cecum	SPF	SPF	128	Jagiellonian_5	-	Krakow	SPF	Adult	1	Male	12	C57BL/6J	Cecum	PL	UJ	5	C	Jagiellonian University	PL_UJ_5_C	Metagenomics
Poland1	Jagiellonian	Adult	Unknown	Unknown	Run5	TruSeq	Feces	SPF	SPF	193	Jagiellonian_6	-	Krakow	SPF	Adult	1	Male	12	C57BL/6J	Feces	PL	UJ	1	F	Jagiellonian University	PL_UJ_1_F	Metagenomics
Poland2	Jagiellonian	Adult	Unknown	Unknown	Run5	TruSeq	Feces	SPF	SPF	194	Jagiellonian_7	-	Krakow	SPF	Adult	1	Male	12	C57BL/6J	Feces	PL	UJ	2	F	Jagiellonian University	PL_UJ_2_F	Metagenomics
Poland3	Jagiellonian	Adult	Unknown	Unknown	Run5	TruSeq	Feces	SPF	SPF	195	Jagiellonian_8	-	Krakow	SPF	Adult	1	Male	12	C57BL/6J	Feces	PL	UJ	3	F	Jagiellonian University	PL_UJ_3_F	Metagenomics
Poland4	Jagiellonian	Adult	Unknown	Unknown	Run5	TruSeq	Feces	SPF	SPF	196	Jagiellonian_9	-	Krakow	SPF	Adult	1	Male	12	C57BL/6J	Feces	PL	UJ	4	F	Jagiellonian University	PL_UJ_4_F	Metagenomics
W58	Jena	Adult	Male	12	Run4	Nextera	Feces	SPF	SPF	139	Jena_1	-	Europe-Germany-Jena	SPF	Adult	1	Male	12	C57BL/6J	Feces	DE	FSU	1	F	Friedrich-Schiller University	DE_FSU_1_F	Metagenomics
W59	Jena	Adult	Male	12	Run4	Nextera	Feces	SPF	SPF	140	Jena_2	-	Europe-Germany-Jena	SPF	Adult	1	Male	12	C57BL/6J	Feces	DE	FSU	2	F	Friedrich-Schiller University	DE_FSU_2_F	Metagenomics
W60	Jena	Adult	Male	12	Run4	Nextera	Feces	SPF	SPF	141	Jena_3	-	Europe-Germany-Jena	SPF	Adult	1	Male	12	C57BL/6J	Feces	DE	FSU	3	F	Friedrich-Schiller University	DE_FSU_3_F	Metagenomics
W61	Jena	Adult	Male	12	Run4	Nextera	Feces	SPF	SPF	142	Jena_4	-	Europe-Germany-Jena	SPF	Adult	1	Male	12	C57BL/6J	Feces	DE	FSU	4	F	Friedrich-Schiller University	DE_FSU_4_F	Metagenomics
W62	Jena	Adult	Male	12	Run4	Nextera	Feces	SPF	SPF	143	Jena_5	-	Europe-Germany-Jena	SPF	Adult	1	Male	12	C57BL/6J	Feces	DE	FSU	5	F	Friedrich-Schiller University	DE_FSU_5_F	Metagenomics
W73	Jena	Adult	Male	12	Run4	Nextera	Cecum	SPF	SPF	154	Jena_6	-	Europe-Germany-Jena	SPF	Adult	1	Male	12	C57BL/6J	Cecum	DE	FSU	1	C	Friedrich-Schiller University	DE_FSU_1_C	Metagenomics
W74	Jena	Adult	Male	12	Run4	Nextera	Cecum	SPF	SPF	155	Jena_7	-	Europe-Germany-Jena	SPF	Adult	1	Male	12	C57BL/6J	Cecum	DE	FSU	2	C	Friedrich-Schiller University	DE_FSU_2_C	Metagenomics
W75	Jena	Adult	Male	12	Run4	Nextera	Cecum	SPF	SPF	156	Jena_8	-	Europe-Germany-Jena	SPF	Adult	1	Male	12	C57BL/6J	Cecum	DE	FSU	3	C	Friedrich-Schiller University	DE_FSU_3_C	Metagenomics
W76	Jena	Adult	Male	12	Run4	Nextera	Cecum	SPF	SPF	157	Jena_9	-	Europe-Germany-Jena	SPF	Adult	1	Male	12	C57BL/6J	Cecum	DE	FSU	4	C	Friedrich-Schiller University	DE_FSU_4_C	Metagenomics
W77	Jena	Adult	Male	12	Run4	Nextera	Cecum	SPF	SPF	158	Jena_10	-	Europe-Germany-Jena	SPF	Adult	1	Male	12	C57BL/6J	Cecum	DE	FSU	5	C	Friedrich-Schiller University	DE_FSU_5_C	Metagenomics
Bahti_H21	Leiden	Adult	Female	24	Run1	TruSeq	Feces	SPF	SPF	36	Leiden_1	-	Europe-Holland-Leiden	SPF	Adult	Leiden_6	Male	29	C57BL/6JLumc	Feces	NL	LUMC	2	F	Leiden University Medical Center	NL_LUMC_2_F	Metagenomics
Bahti_H22	Leiden	Adult	Female	28	Run1	TruSeq	Feces	SPF	SPF	37	Leiden_2	-	Europe-Holland-Leiden	SPF	Adult	Leiden_20	Male	8	C57BL/6JLumc	Feces	NL	LUMC	33	F	Leiden University Medical Center	NL_LUMC_33_F	Metagenomics
Bahti_H23	Leiden	Adult	Male	29	Run1	TruSeq	Feces	SPF	SPF	38	Leiden_3	-	Europe-Holland-Leiden	SPF	Adult	Leiden_5	Male	29	C57BL/6JLumc	Feces	NL	LUMC	40	F	Leiden University Medical Center	NL_LUMC_40_F	Metagenomics
Bahti_H24	Leiden	Adult	Female	28	Run1	TruSeq	Feces	SPF	SPF	39	Leiden_4	-	Europe-Holland-Leiden	SPF	Adult	Leiden_19	Male	8	C57BL/6JLumc	Feces	NL	LUMC	32	F	Leiden University Medical Center	NL_LUMC_32_F	Metagenomics
Bahti_H25	Leiden	Adult	Male	29	Run1	TruSeq	Feces	SPF	SPF	40	Leiden_5	-	Europe-Holland-Leiden	SPF	Adult	Leiden_19	Male	29	C57BL/6JLumc	Feces	NL	LUMC	41	F	Leiden University Medical Center	NL_LUMC_41_F	Metagenomics
W26	LO	Adult	Unknown	Unknown	Run3	Nextera	Cecum	LO_Mus	WildMice	41	LO_1	-	Europe-France-Louan	Wild	Adult	Unknown	Unknown	Unknown	WildMice	Cecum	FR	CAU_Louan	1	C	Kiel University	FR_CAU_Louan_1_C	Metagenomics
W27	LO	Adult	Unknown	Unknown	Run3	Nextera	Cecum	LO_Mus	WildMice	42	LO_2	-	Europe-France-Louan	Wild	Adult	Unknown	Unknown	Unknown	WildMice	Cecum	FR	CAU_Louan	4	C	Kiel University	FR_CAU_Louan_4_C	Metagenomics
W28	LO	Adult	Unknown	Unknown	Run3	Nextera	Cecum	LO_Mus	WildMice	43	LO_3	-	Europe-France-Louan	Wild	Adult	Unknown	Unknown	Unknown	WildMice	Cecum	FR	CAU_Louan	3	C	Kiel University	FR_CAU_Louan_3_C	Metagenomics
W29	LO	Adult	Unknown	Unknown	Run3	Nextera	Cecum	LO_Mus	WildMice	44	LO_4	-	Europe-France-Louan	Wild	Adult	Unknown	Unknown	Unknown	WildMice	Cecum	FR	CAU_Louan	2	C	Kiel University	FR_CAU_Louan_2_C	Metagenomics
W30	LO	Adult	Unknown	Unknown	Run3	Nextera	Cecum	LO_Mus	WildMice	45	LO_5	-	Europe-France-Louan	Wild	Adult	Unknown	Unknown	Unknown	WildMice	Cecum	FR	CAU_Louan	5	C	Kiel University	FR_CAU_Louan_5_C	Metagenomics
W21	MC	Adult	Unknown	Unknown	Run3	Nextera	Cecum	MC_Mus	WildMice	46	MC_1	-	Europe-France-MassifCentral	Wild	Adult	Unknown	Unknown	Unknown	WildMice	Cecum	FR	CAU_MassifCentral	2	C	Kiel University	FR_CAU_MassifCentral_2_C	Metagenomics
W22	MC	Adult	Unknown	Unknown	Run3	Nextera	Cecum	MC_Mus	WildMice	47	MC_2	-	Europe-France-MassifCentral	Wild	Adult	Unknown	Unknown	Unknown	WildMice	Cecum	FR	CAU_MassifCentral	3	C	Kiel University	FR_CAU_MassifCentral_3_C	Metagenomics
W23	MC	Adult	Unknown	Unknown	Run3	Nextera	Cecum	MC_Mus	WildMice	48	MC_3	-	Europe-France-MassifCentral	Wild	Adult	Unknown	Unknown	Unknown	WildMice	Cecum	FR	CAU_MassifCentral	5	C	Kiel University	FR_CAU_MassifCentral_5_C	Metagenomics
W24	MC	Adult	Unknown	Unknown	Run3	Nextera	Cecum	MC_Mus	WildMice	49	MC_4	-	Europe-France-MassifCentral	Wild	Adult	Unknown	Unknown	Unknown	WildMice	Cecum	FR	CAU_MassifCentral	4	C	Kiel University	FR_CAU_MassifCentral_4_C	Metagenomics
W25	MC	Adult	Unknown	Unknown	Run3	Nextera	Cecum	MC_Mus	WildMice	50	MC_5	-	Europe-France-MassifCentral	Wild	Adult	Unknown	Unknown	Unknown	WildMice	Cecum	FR	CAU_MassifCentral	1	C	Kiel University	FR_CAU_MassifCentral_1_C	Metagenomics
W31	NAA	Adult	Unknown	Unknown	Run3	Nextera	Cecum	NA_Mus	WildMice	51	NAA_1	-	Europe-France-Nancy	Wild	Adult	Unknown	Unknown	Unknown	WildMice	Cecum	FR	CAU_Nancy	2	C	Kiel University	FR_CAU_Nancy_2_C	Metagenomics
W32	NAA	Adult	Unknown	Unknown	Run3	Nextera	Cecum	NA_Mus	WildMice	52	NAA_2	-	Europe-France-Nancy	Wild	Adult	Unknown	Unknown	Unknown	WildMice	Cecum	FR	CAU_Nancy	1	C	Kiel University	FR_CAU_Nancy_1_C	Metagenomics
Bahti_H46	Postech	Adult	Male	7	Run1	TruSeq	Cecum	SPF	SPF	62	Postech_1	-	Asia-SouthKorea-Pohang	SPF	Adult	2	Male	7	C57BL/6J	Cecum	KR	POSTECH	1	C	Pohang University of Science and Technology	KR_POSTECH_1_C	Metagenomics
Bahti_H47	Postech	Adult	Male	7	Run1	TruSeq	Cecum	SPF	SPF	63	Postech_2	-	Asia-SouthKorea-Pohang	SPF	Adult	5	Male	7	C57BL/6J	Cecum	KR	POSTECH	2	C	Pohang University of Science and Technology	KR_POSTECH_2_C	Metagenomics
Bahti_H48	Postech	Adult	Male	7	Run1	TruSeq	Cecum	SPF	SPF	64	Postech_3	-	Asia-SouthKorea-Pohang	SPF	Adult	1	Male	7	C57BL/6J	Cecum	KR	POSTECH	3	C	Pohang University of Science and Technology	KR_POSTECH_3_C	Metagenomics
Bahti_H49	Postech	Adult	Male	7	Run1	TruSeq	Cecum	SPF	SPF	65	Postech_4	-	Asia-SouthKorea-Pohang	SPF	Adult	4	Male	7	C57BL/6J	Cecum	KR	POSTECH	4	C	Pohang University of Science and Technology	KR_POSTECH_4_C	Metagenomics
Bahti_H50	Postech	Adult	Male	7	Run1	TruSeq	Cecum	SPF	SPF	66	Postech_5	-	Asia-SouthKorea-Pohang	SPF	Adult	3	Male	7	C57BL/6J	Cecum	KR	POSTECH	5	C	Pohang University of Science and Technology	KR_POSTECH_5_C	Metagenomics
W93	RiodeJaneiro	Adult	Male	11	Run4	Nextera	Cecum	SPF	SPF	174	RiodeJaneiro_1	-	SouthAmerica-Brazil-RiodeJaneiro	SPF	Adult	1	Male	11	C57BL/6J	Cecum	BR	UFRJ	3	C	Universidade Federal do Rio de Janeiro	BR_UFRJ_3_C	Metagenomics
W94	RiodeJaneiro	Adult	Male	11	Run4	Nextera	Cecum	SPF	SPF	175	RiodeJaneiro_2	-	SouthAmerica-Brazil-RiodeJaneiro	SPF	Adult	1	Male	11	C57BL/6J	Cecum	BR	UFRJ	4	C	Universidade Federal do Rio de Janeiro	BR_UFRJ_4_C	Metagenomics
W95	RiodeJaneiro	Adult	Male	11	Run4	Nextera	Cecum	SPF	SPF	176	RiodeJaneiro_3	-	SouthAmerica-Brazil-RiodeJaneiro	SPF	Adult	1	Male	11	C57BL/6J	Cecum	BR	UFRJ	5	C	Universidade Federal do Rio de Janeiro	BR_UFRJ_5_C	Metagenomics
W96	RiodeJaneiro	Adult	Male	11	Run4	Nextera	Cecum	SPF	SPF	177	RiodeJaneiro_4	-	SouthAmerica-Brazil-RiodeJaneiro	SPF	Adult	1	Male	11	C57BL/6J	Cecum	BR	UFRJ	6	C	Universidade Federal do Rio de Janeiro	BR_UFRJ_6_C	Metagenomics
W97	RiodeJaneiro	Adult	Male	11	Run4	Nextera	Cecum	SPF	SPF	178	RiodeJaneiro_5	-	SouthAmerica-Brazil-RiodeJaneiro	SPF	Adult	1	Male	11	C57BL/6J	Cecum	BR	UFRJ	7	C	Universidade Federal do Rio de Janeiro	BR_UFRJ_7_C	Metagenomics
RF1	Rockefeller	Adult	Male	6	Run5	TruSeq	Feces	SPF	SPF	197	Rockefeller_1	-	NorthAmerica-NewYork-Rockefeller	SPF	Adult	1	Male	6	C57BL/6J	Feces	US	RU	1	F	Rockefeller University	US_RU_1_F	Metagenomics
RF2	Rockefeller	Adult	Male	6	Run5	TruSeq	Feces	SPF	SPF	198	Rockefeller_2	-	NorthAmerica-NewYork-Rockefeller	SPF	Adult	1	Male	6	C57BL/6J	Feces	US	RU	2	F	Rockefeller University	US_RU_2_F	Metagenomics
RF3	Rockefeller	Adult	Male	6	Run5	TruSeq	Feces	SPF	SPF	199	Rockefeller_3	-	NorthAmerica-NewYork-Rockefeller	SPF	Adult	1	Male	6	C57BL/6J	Feces	US	RU	3	F	Rockefeller University	US_RU_3_F	Metagenomics
RF4	Rockefeller	Adult	Male	6	Run5	TruSeq	Feces	SPF	SPF	200	Rockefeller_4	-	NorthAmerica-NewYork-Rockefeller	SPF	Adult	1	Male	6	C57BL/6J	Feces	US	RU	4	F	Rockefeller University	US_RU_4_F	Metagenomics
W38	Rockefeller	Adult	Male	6	Run4	Nextera	Cecum	SPF	SPF	119	Rockefeller_5	-	NorthAmerica-NewYork-Rockefeller	SPF	Adult	1	Male	6	C57BL/6J	Cecum	US	RU	1	C	Rockefeller University	US_RU_1_C	Metagenomics
W39	Rockefeller	Adult	Male	6	Run4	Nextera	Cecum	SPF	SPF	120	Rockefeller_6	-	NorthAmerica-NewYork-Rockefeller	SPF	Adult	1	Male	6	C57BL/6J	Cecum	US	RU	2	C	Rockefeller University	US_RU_2_C	Metagenomics
W40	Rockefeller	Adult	Male	6	Run4	Nextera	Cecum	SPF	SPF	121	Rockefeller_7	-	NorthAmerica-NewYork-Rockefeller	SPF	Adult	1	Male	6	C57BL/6J	Cecum	US	RU	3	C	Rockefeller University	US_RU_3_C	Metagenomics
W41	Rockefeller	Adult	Male	6	Run4	Nextera	Cecum	SPF	SPF	122	Rockefeller_8	-	NorthAmerica-NewYork-Rockefeller	SPF	Adult	1	Male	6	C57BL/6J	Cecum	US	RU	4	C	Rockefeller University	US_RU_4_C	Metagenomics
W42	Rockefeller	Adult	Male	6	Run4	Nextera	Cecum	SPF	SPF	123	Rockefeller_9	-	NorthAmerica-NewYork-Rockefeller	SPF	Adult	1	Male	6	C57BL/6J	Cecum	US	RU	5	C	Rockefeller University	US_RU_5_C	Metagenomics
SK6	SKO	Adult	Unknown	Unknown	Run2	TruSeq	Feces	SKO_Mus	WildMice	53	SKO_1	-	Europe-Wales-Skokholm	Wild	Adult	Unknown	Male	Unknown	WildMice_UK	Feces	GB	UO_Skokholm	8	F	University of Oxford	GB_UO_Skokholm_8_F	Metagenomics
SK7	SKO	Adult	Unknown	Unknown	Run2	TruSeq	Feces	SKO_Mus	WildMice	54	SKO_2	-	Europe-Wales-Skokholm	Wild	Adult	Unknown	Male	Unknown	WildMice_UK	Feces	GB	UO_Skokholm	7	F	University of Oxford	GB_UO_Skokholm_7_F	Metagenomics
SK8	SKO	Adult	Unknown	Unknown	Run2	TruSeq	Feces	SKO_Mus	WildMice	55	SKO_3	-	Europe-Wales-Skokholm	Wild	Adult	Unknown	Male	Unknown	WildMice_UK	Feces	GB	UO_Skokholm	6	F	University of Oxford	GB_UO_Skokholm_6_F	Metagenomics
SK9	SKO	Adult	Unknown	Unknown	Run2	TruSeq	Feces	SKO_Mus	WildMice	56	SKO_4	-	Europe-Wales-Skokholm	Wild	Adult	Unknown	Male	Unknown	WildMice_UK	Feces	GB	UO_Skokholm	9	F	University of Oxford	GB_UO_Skokholm_9_F	Metagenomics
W33	SL	Adult	Unknown	Unknown	Run3	Nextera	Cecum	SL_Mus	WildMice	57	SL_1	-	Europe-Germany-Schoemberg	Wild	Adult	Unknown	Unknown	Unknown	WildMice	Cecum	DE	CAU_Schoemberg	3	C	Kiel University	DE_CAU_Schoemberg_3_C	Metagenomics
W34	SL	Adult	Unknown	Unknown	Run3	Nextera	Cecum	SL_Mus	WildMice	58	SL_2	-	Europe-Germany-Schoemberg	Wild	Adult	Unknown	Unknown	Unknown	WildMice	Cecum	DE	CAU_Schoemberg	5	C	Kiel University	DE_CAU_Schoemberg_5_C	Metagenomics
W35	SL	Adult	Unknown	Unknown	Run3	Nextera	Cecum	SL_Mus	WildMice	59	SL_3	-	Europe-Germany-Schoemberg	Wild	Adult	Unknown	Unknown	Unknown	WildMice	Cecum	DE	CAU_Schoemberg	2	C	Kiel University	DE_CAU_Schoemberg_2_C	Metagenomics
W36	SL	Adult	Unknown	Unknown	Run3	Nextera	Cecum	SL_Mus	WildMice	60	SL_4	-	Europe-Germany-Schoemberg	Wild	Adult	Unknown	Unknown	Unknown	WildMice	Cecum	DE	CAU_Schoemberg	1	C	Kiel University	DE_CAU_Schoemberg_1_C	Metagenomics
W37	SL	Adult	Unknown	Unknown	Run3	Nextera	Cecum	SL_Mus	WildMice	61	SL_5	-	Europe-Germany-Schoemberg	Wild	Adult	Unknown	Unknown	Unknown	WildMice	Cecum	DE	CAU_Schoemberg	4	C	Kiel University	DE_CAU_Schoemberg_4_C	Metagenomics
SK1	UK1	Adult	Unknown	Unknown	Run2	TruSeq	Feces	Apodemus_sylvaticus	WildMice	67	UK1_1	-	Europe-England-London1	Wild	Adult	Unknown	Unknown	Unknown	WildMice_UK	Feces	GB	UO_W_London1	1	F	University of Oxford	GB_UO_W_London1_1_F	Metagenomics
SK10	UK1	Adult	Unknown	Unknown	Run2	TruSeq	Feces	Apodemus_sylvaticus	WildMice	68	UK1_2	-	Europe-England-London1	Wild	Adult	Unknown	Unknown	Unknown	WildMice_UK	Feces	GB	UO_W_London1	2	F	University of Oxford	GB_UO_W_London1_2_F	Metagenomics
SK16	UK1	Adult	Unknown	Unknown	Run2	TruSeq	Feces	Apodemus_sylvaticus	WildMice	69	UK1_3	-	Europe-England-London1	Wild	Adult	Unknown	Unknown	Unknown	WildMice_UK	Feces	GB	UO_W_London1	3	F	University of Oxford	GB_UO_W_London1_3_F	Metagenomics
SK17	UK1	Adult	Unknown	Unknown	Run2	TruSeq	Feces	Apodemus_sylvaticus	WildMice	70	UK1_4	-	Europe-England-London1	Wild	Adult	Unknown	Unknown	Unknown	WildMice_UK	Feces	GB	UO_W_London1	4	F	University of Oxford	GB_UO_W_London1_4_F	Metagenomics
SK18	UK1	Adult	Unknown	Unknown	Run2	TruSeq	Feces	Apodemus_sylvaticus	WildMice	71	UK1_5	-	Europe-England-London1	Wild	Adult	Unknown	Unknown	Unknown	WildMice_UK	Feces	GB	UO_W_London1	5	F	University of Oxford	GB_UO_W_London1_5_F	Metagenomics
SK2	UK2	Adult	Unknown	Unknown	Run2	TruSeq	Feces	Apodemus_flavicollis	WildMice	72	UK2_1	-	Europe-England-London2	Wild	Adult	Unknown	Unknown	Unknown	WildMice_UK	Feces	GB	UO_W_London2	1	F	University of Oxford	GB_UO_W_London2_1_F	Metagenomics
SK3	UK2	Adult	Unknown	Unknown	Run2	TruSeq	Feces	Apodemus_flavicollis	WildMice	73	UK2_2	-	Europe-England-London2	Wild	Adult	Unknown	Unknown	Unknown	WildMice_UK	Feces	GB	UO_W_London2	2	F	University of Oxford	GB_UO_W_London2_2_F	Metagenomics
SK4	UK2	Adult	Unknown	Unknown	Run2	TruSeq	Feces	Apodemus_flavicollis	WildMice	74	UK2_3	-	Europe-England-London2	Wild	Adult	Unknown	Unknown	Unknown	WildMice_UK	Feces	GB	UO_W_London2	3	F	University of Oxford	GB_UO_W_London2_3_F	Metagenomics
SK5	UK2	Adult	Unknown	Unknown	Run2	TruSeq	Feces	Apodemus_flavicollis	WildMice	75	UK2_4	-	Europe-England-London2	Wild	Adult	Unknown	Unknown	Unknown	WildMice_UK	Feces	GB	UO_W_London2	4	F	University of Oxford	GB_UO_W_London2_4_F	Metagenomics
W103	Zurich	Adult	Male	Unknown	Run4	Nextera	Cecum	Zurich_Mus	WildMice	99	Zurich_1	-	Europe-Switzerland-Zurich	Wild	Adult	1	Male	Unknown	WildMice	Cecum	CH	UZH	1	C	University of Zurich	CH_UZH_1_C	Metagenomics
W104	Zurich	Adult	Male	Unknown	Run4	Nextera	Cecum	Zurich_Mus	WildMice	100	Zurich_2	-	Europe-Switzerland-Zurich	Wild	Adult	1	Male	Unknown	WildMice	Cecum	CH	UZH	2	C	University of Zurich	CH_UZH_2_C	Metagenomics
W105	Zurich	Adult	Male	Unknown	Run4	Nextera	Cecum	Zurich_Mus	WildMice	101	Zurich_3	-	Europe-Switzerland-Zurich	Wild	Adult	1	Male	Unknown	WildMice	Cecum	CH	UZH	3	C	University of Zurich	CH_UZH_3_C	Metagenomics
W106	Zurich	Adult	Male	Unknown	Run4	Nextera	Cecum	Zurich_Mus	WildMice	102	Zurich_4	-	Europe-Switzerland-Zurich	Wild	Adult	1	Male	Unknown	WildMice	Cecum	CH	UZH	4	C	University of Zurich	CH_UZH_4_C	Metagenomics
W107	Zurich	Adult	Male	Unknown	Run4	Nextera	Cecum	Zurich_Mus	WildMice	103	Zurich_5	-	Europe-Switzerland-Zurich	Wild	Adult	1	Male	Unknown	WildMice	Cecum	CH	UZH	5	C	University of Zurich	CH_UZH_5_C	Metagenomics
Bahti_H1	Zurich	Adult	Male	Unknown	Run1	TruSeq	Feces	Zurich_Mus	WildMice	76	Zurich_6	-	Europe-Switzerland-Zurich	SPF	Adult	Unknown	Male	Unknown	WildMice	Feces	CH	UZH	1	F	University of Zurich	CH_UZH_1_F	Metagenomics
Bahti_H10	Zurich	Adult	Female	Unknown	Run1	TruSeq	Feces	Zurich_Mus	WildMice	77	Zurich_7	-	Europe-Switzerland-Zurich	SPF	Adult	Unknown	Female	Unknown	WildMice	Feces	CH	UZH	10	F	University of Zurich	CH_UZH_10_F	Metagenomics
Bahti_H11	Zurich	Adult	Male	Unknown	Run1	TruSeq	Feces	Zurich_Mus	WildMice	78	Zurich_8	-	Europe-Switzerland-Zurich	SPF	Adult	Unknown	Male	Unknown	WildMice	Feces	CH	UZH	11	F	University of Zurich	CH_UZH_11_F	Metagenomics
Bahti_H12	Zurich	Adult	Female	Unknown	Run1	TruSeq	Feces	Zurich_Mus	WildMice	79	Zurich_9	-	Europe-Switzerland-Zurich	SPF	Adult	Unknown	Female	Unknown	WildMice	Feces	CH	UZH	12	F	University of Zurich	CH_UZH_12_F	Metagenomics
Bahti_H13	Zurich	Adult	Female	Unknown	Run1	TruSeq	Feces	Zurich_Mus	WildMice	80	Zurich_10	-	Europe-Switzerland-Zurich	SPF	Adult	Unknown	Female	Unknown	WildMice	Feces	CH	UZH	13	F	University of Zurich	CH_UZH_13_F	Metagenomics
Bahti_H14	Zurich	Adult	Female	Unknown	Run1	TruSeq	Feces	Zurich_Mus	WildMice	81	Zurich_11	-	Europe-Switzerland-Zurich	SPF	Adult	Unknown	Female	Unknown	WildMice	Feces	CH	UZH	14	F	University of Zurich	CH_UZH_14_F	Metagenomics
Bahti_H15	Zurich	Adult	Female	Unknown	Run1	TruSeq	Feces	Zurich_Mus	WildMice	82	Zurich_12	-	Europe-Switzerland-Zurich	SPF	Adult	Unknown	Female	Unknown	WildMice	Feces	CH	UZH	15	F	University of Zurich	CH_UZH_15_F	Metagenomics
Bahti_H16	Zurich	Adult	Male	Unknown	Run1	TruSeq	Feces	Zurich_Mus	WildMice	83	Zurich_13	-	Europe-Switzerland-Zurich	SPF	Adult	Unknown	Male	Unknown	WildMice	Feces	CH	UZH	16	F	University of Zurich	CH_UZH_16_F	Metagenomics
Bahti_H17	Zurich	Adult	Female	Unknown	Run1	TruSeq	Feces	Zurich_Mus	WildMice	84	Zurich_14	-	Europe-Switzerland-Zurich	SPF	Adult	Unknown	Female	Unknown	WildMice	Feces	CH	UZH	17	F	University of Zurich	CH_UZH_17_F	Metagenomics
Bahti_H18	Zurich	Adult	Male	Unknown	Run1	TruSeq	Feces	Zurich_Mus	WildMice	85	Zurich_15	-	Europe-Switzerland-Zurich	SPF	Adult	Unknown	Male	Unknown	WildMice	Feces	CH	UZH	18	F	University of Zurich	CH_UZH_18_F	Metagenomics
Bahti_H19	Zurich	Adult	Male	Unknown	Run1	TruSeq	Feces	Zurich_Mus	WildMice	86	Zurich_16	-	Europe-Switzerland-Zurich	SPF	Adult	Unknown	Male	Unknown	WildMice	Feces	CH	UZH	19	F	University of Zurich	CH_UZH_19_F	Metagenomics
Bahti_H2	Zurich	Adult	Male	Unknown	Run1	TruSeq	Feces	Zurich_Mus	WildMice	87	Zurich_17	-	Europe-Switzerland-Zurich	SPF	Adult	Unknown	Male	Unknown	WildMice	Feces	CH	UZH	2	F	University of Zurich	CH_UZH_2_F	Metagenomics
Bahti_H20	Zurich	Adult	Male	Unknown	Run1	TruSeq	Feces	Zurich_Mus	WildMice	88	Zurich_18	-	Europe-Switzerland-Zurich	SPF	Adult	Unknown	Male	Unknown	WildMice	Feces	CH	UZH	20	F	University of Zurich	CH_UZH_20_F	Metagenomics
Bahti_H3	Zurich	Adult	Female	Unknown	Run1	TruSeq	Feces	Zurich_Mus	WildMice	89	Zurich_19	-	Europe-Switzerland-Zurich	SPF	Adult	Unknown	Female	Unknown	WildMice	Feces	CH	UZH	3	F	University of Zurich	CH_UZH_3_F	Metagenomics
Bahti_H4	Zurich	Adult	Male	Unknown	Run1	TruSeq	Feces	Zurich_Mus	WildMice	90	Zurich_20	-	Europe-Switzerland-Zurich	SPF	Adult	Unknown	Male	Unknown	WildMice	Feces	CH	UZH	4	F	University of Zurich	CH_UZH_4_F	Metagenomics
Bahti_H5	Zurich	Adult	Male	Unknown	Run1	TruSeq	Feces	Zurich_Mus	WildMice	91	Zurich_21	-	Europe-Switzerland-Zurich	SPF	Adult	Unknown	Male	Unknown	WildMice	Feces	CH	UZH	5	F	University of Zurich	CH_UZH_5_F	Metagenomics
Bahti_H6	Zurich	Adult	Female	Unknown	Run1	TruSeq	Feces	Zurich_Mus	WildMice	92	Zurich_22	-	Europe-Switzerland-Zurich	SPF	Adult	Unknown	Female	Unknown	WildMice	Feces	CH	UZH	6	F	University of Zurich	CH_UZH_6_F	Metagenomics
Bahti_H7	Zurich	Adult	Female	Unknown	Run1	TruSeq	Feces	Zurich_Mus	WildMice	93	Zurich_23	-	Europe-Switzerland-Zurich	SPF	Adult	Unknown	Female	Unknown	WildMice	Feces	CH	UZH	7	F	University of Zurich	CH_UZH_7_F	Metagenomics
Bahti_H8	Zurich	Adult	Female	Unknown	Run1	TruSeq	Feces	Zurich_Mus	WildMice	94	Zurich_24	-	Europe-Switzerland-Zurich	SPF	Adult	Unknown	Female	Unknown	WildMice	Feces	CH	UZH	8	F	University of Zurich	CH_UZH_8_F	Metagenomics
Bahti_H9	Zurich	Adult	Female	Unknown	Run1	TruSeq	Feces	Zurich_Mus	WildMice	95	Zurich_25	-	Europe-Switzerland-Zurich	SPF	Adult	Unknown	Female	Unknown	WildMice	Feces	CH	UZH	9	F	University of Zurich	CH_UZH_9_F	Metagenomics
W113	Zurich	Young	Male	Unknown	Run4	Nextera	Feces	Zurich_Mus	WildMice	109	Zurich_26	-	Europe-Switzerland-Zurich	SPF	Adult	11	Female	Unknown	WildMice	Feces	CH	UZH	147	F	University of Zurich	CH_UZH_147_F	Metagenomics
W114	Zurich	Young	Male	Unknown	Run4	Nextera	Feces	Zurich_Mus	WildMice	110	Zurich_27	-	Europe-Switzerland-Zurich	SPF	Adult	11	Female	Unknown	WildMice	Feces	CH	UZH	158	F	University of Zurich	CH_UZH_158_F	Metagenomics
W115	Zurich	Young	Male	Unknown	Run4	Nextera	Feces	Zurich_Mus	WildMice	111	Zurich_28	-	Europe-Switzerland-Zurich	SPF	Adult	12	Male	Unknown	WildMice	Feces	CH	UZH	169	F	University of Zurich	CH_UZH_169_F	Metagenomics
W116	Zurich	Young	Male	Unknown	Run4	Nextera	Feces	Zurich_Mus	WildMice	112	Zurich_29	-	Europe-Switzerland-Zurich	Wild	Adult	11	Female	Unknown	WildMice	Feces	CH	UZH	180	F	University of Zurich	CH_UZH_180_F	Metagenomics
W117	Zurich	Young	Male	Unknown	Run4	Nextera	Feces	Zurich_Mus	WildMice	113	Zurich_30	-	Europe-Switzerland-Zurich	Wild	Adult	12	Female	Unknown	WildMice	Feces	CH	UZH	191	F	University of Zurich	CH_UZH_191_F	Metagenomics
W118	Zurich	Young	Male	Unknown	Run4	Nextera	Feces	Zurich_Mus	WildMice	114	Zurich_31	-	Europe-Switzerland-Zurich	Wild	Adult	19	Female	Unknown	WildMice	Feces	CH	UZH	202	F	University of Zurich	CH_UZH_202_F	Metagenomics
W119	Zurich	Young	Male	Unknown	Run4	Nextera	Feces	Zurich_Mus	WildMice	115	Zurich_32	-	Europe-Switzerland-Zurich	Wild	Adult	19	Female	Unknown	WildMice	Feces	CH	UZH	213	F	University of Zurich	CH_UZH_213_F	Metagenomics
W120	Zurich	Young	Male	Unknown	Run4	Nextera	Feces	Zurich_Mus	WildMice	116	Zurich_33	-	Europe-Switzerland-Zurich	Wild	Adult	19	Female	Unknown	WildMice	Feces	CH	UZH	225	F	University of Zurich	CH_UZH_225_F	Metagenomics
W121	Zurich	Young	Male	Unknown	Run4	Nextera	Feces	Zurich_Mus	WildMice	117	Zurich_34	-	Europe-Switzerland-Zurich	Wild	Adult	19	Female	Unknown	WildMice	Feces	CH	UZH	236	F	University of Zurich	CH_UZH_236_F	Metagenomics
W122	Zurich	Young	Male	Unknown	Run4	Nextera	Feces	Zurich_Mus	WildMice	118	Zurich_35	-	Europe-Switzerland-Zurich	Wild	Adult	2	Female	Unknown	WildMice	Feces	CH	UZH	247	F	University of Zurich	CH_UZH_247_F	Metagenomics
W1308	Zurich	Adult	Unknown	Unknown	Run5	TruSeq	Feces	Zurich_Mus	WildMice	206	Zurich_36	-	Europe-Switzerland-Zurich	Wild	Adult	Unknown	Female	Unknown	WildMice	Feces	CH	UZH	343	F	University of Zurich	CH_UZH_343_F	Metagenomics
W1309	Zurich	Adult	Unknown	Unknown	Run5	TruSeq	Feces	Zurich_Mus	WildMice	207	Zurich_37	-	Europe-Switzerland-Zurich	Wild	Adult	Unknown	Female	Unknown	WildMice	Feces	CH	UZH	344	F	University of Zurich	CH_UZH_344_F	Metagenomics
W1310	Zurich	Adult	Unknown	Unknown	Run5	TruSeq	Feces	Zurich_Mus	WildMice	208	Zurich_38	-	Europe-Switzerland-Zurich	Wild	Adult	Unknown	Female	Unknown	WildMice	Feces	CH	UZH	346	F	University of Zurich	CH_UZH_346_F	Metagenomics
W1311	Zurich	Adult	Unknown	Unknown	Run5	TruSeq	Feces	Zurich_Mus	WildMice	209	Zurich_39	-	Europe-Switzerland-Zurich	Wild	Adult	Unknown	Female	Unknown	WildMice	Feces	CH	UZH	347	F	University of Zurich	CH_UZH_347_F	Metagenomics
W1312	Zurich	Adult	Unknown	Unknown	Run5	TruSeq	Feces	Zurich_Mus	WildMice	210	Zurich_40	-	Europe-Switzerland-Zurich	Wild	Adult	Unknown	Female	Unknown	WildMice	Feces	CH	UZH	348	F	University of Zurich	CH_UZH_348_F	Metagenomics
W1314	Zurich	Adult	Unknown	Unknown	Run5	TruSeq	Feces	Zurich_Mus	WildMice	212	Zurich_41	-	Europe-Switzerland-Zurich	Wild	Adult	Unknown	Female	Unknown	WildMice	Feces	CH	UZH	350	F	University of Zurich	CH_UZH_350_F	Metagenomics
W1315	Zurich	Adult	Unknown	Unknown	Run5	TruSeq	Feces	Zurich_Mus	WildMice	213	Zurich_42	-	Europe-Switzerland-Zurich	Wild	Adult	Unknown	Male	Unknown	WildMice	Feces	CH	UZH	351	F	University of Zurich	CH_UZH_351_F	Metagenomics
W1317	Zurich	Adult	Unknown	Unknown	Run5	TruSeq	Feces	Zurich_Mus	WildMice	215	Zurich_43	-	Europe-Switzerland-Zurich	Wild	Adult	Unknown	Female	Unknown	WildMice	Feces	CH	UZH	353	F	University of Zurich	CH_UZH_353_F	Metagenomics
W1318	Zurich	Adult	Unknown	Unknown	Run5	TruSeq	Feces	Zurich_Mus	WildMice	216	Zurich_44	-	Europe-Switzerland-Zurich	Wild	Adult	Unknown	Female	Unknown	WildMice	Feces	CH	UZH	354	F	University of Zurich	CH_UZH_354_F	Metagenomics
W1319	Zurich	Adult	Unknown	Unknown	Run5	TruSeq	Feces	Zurich_Mus	WildMice	217	Zurich_45	-	Europe-Switzerland-Zurich	Wild	Adult	Unknown	Female	Unknown	WildMice	Feces	CH	UZH	355	F	University of Zurich	CH_UZH_355_F	Metagenomics
W1321	Zurich	Adult	Unknown	Unknown	Run5	TruSeq	Feces	Zurich_Mus	WildMice	219	Zurich_46	-	Europe-Switzerland-Zurich	Wild	Adult	Unknown	Female	Unknown	WildMice	Feces	CH	UZH	358	F	University of Zurich	CH_UZH_358_F	Metagenomics
W1322	Zurich	Adult	Unknown	Unknown	Run5	TruSeq	Feces	Zurich_Mus	WildMice	220	Zurich_47	-	Europe-Switzerland-Zurich	Wild	Adult	Unknown	Female	Unknown	WildMice	Feces	CH	UZH	359	F	University of Zurich	CH_UZH_359_F	Metagenomics
W1323	Zurich	Adult	Unknown	Unknown	Run5	TruSeq	Feces	Zurich_Mus	WildMice	221	Zurich_48	-	Europe-Switzerland-Zurich	Wild	Adult	Unknown	Female	Unknown	WildMice	Feces	CH	UZH	360	F	University of Zurich	CH_UZH_360_F	Metagenomics
W1324	Zurich	Adult	Unknown	Unknown	Run5	TruSeq	Feces	Zurich_Mus	WildMice	222	Zurich_49	-	Europe-Switzerland-Zurich	Wild	Adult	Unknown	Male	Unknown	WildMice	Feces	CH	UZH	361	F	University of Zurich	CH_UZH_361_F	Metagenomics
W1325	Zurich	Adult	Unknown	Unknown	Run5	TruSeq	Feces	Zurich_Mus	WildMice	223	Zurich_50	-	Europe-Switzerland-Zurich	Wild	Adult	Unknown	Female	Unknown	WildMice	Feces	CH	UZH	362	F	University of Zurich	CH_UZH_362_F	Metagenomics
W1326	Zurich	Adult	Unknown	Unknown	Run5	TruSeq	Feces	Zurich_Mus	WildMice	224	Zurich_51	-	Europe-Switzerland-Zurich	Wild	Adult	Unknown	Male	Unknown	WildMice	Feces	CH	UZH	363	F	University of Zurich	CH_UZH_363_F	Metagenomics
W1327	Zurich	Adult	Unknown	Unknown	Run5	TruSeq	Feces	Zurich_Mus	WildMice	225	Zurich_52	-	Europe-Switzerland-Zurich	Wild	Adult	Unknown	Female	Unknown	WildMice	Feces	CH	UZH	364	F	University of Zurich	CH_UZH_364_F	Metagenomics
W1330	Zurich	Adult	Unknown	Unknown	Run5	TruSeq	Feces	Zurich_Mus	WildMice	228	Zurich_53	-	Europe-Switzerland-Zurich	Wild	Adult	Unknown	Female	Unknown	WildMice	Feces	CH	UZH	368	F	University of Zurich	CH_UZH_368_F	Metagenomics
W1332	Zurich	Adult	Unknown	Unknown	Run5	TruSeq	Feces	Zurich_Mus	WildMice	230	Zurich_54	-	Europe-Switzerland-Zurich	Wild	Adult	Unknown	Female	Unknown	WildMice	Feces	CH	UZH	370	F	University of Zurich	CH_UZH_370_F	Metagenomics
W1333	Zurich	Adult	Unknown	Unknown	Run5	TruSeq	Feces	Zurich_Mus	WildMice	231	Zurich_55	-	Europe-Switzerland-Zurich	Wild	Adult	Unknown	Female	Unknown	WildMice	Feces	CH	UZH	371	F	University of Zurich	CH_UZH_371_F	Metagenomics
W1335	Zurich	Adult	Unknown	Unknown	Run5	TruSeq	Feces	Zurich_Mus	WildMice	233	Zurich_56	-	Europe-Switzerland-Zurich	Wild	Adult	Unknown	Female	Unknown	WildMice	Feces	CH	UZH	373	F	University of Zurich	CH_UZH_373_F	Metagenomics
W1336	Zurich	Adult	Unknown	Unknown	Run5	TruSeq	Feces	Zurich_Mus	WildMice	234	Zurich_57	-	Europe-Switzerland-Zurich	Wild	Adult	Unknown	Male	Unknown	WildMice	Feces	CH	UZH	374	F	University of Zurich	CH_UZH_374_F	Metagenomics
W1337	Zurich	Adult	Unknown	Unknown	Run5	TruSeq	Feces	Zurich_Mus	WildMice	235	Zurich_58	-	Europe-Switzerland-Zurich	Wild	Adult	Unknown	Male	Unknown	WildMice	Feces	CH	UZH	375	F	University of Zurich	CH_UZH_375_F	Metagenomics
W1340	Zurich	Adult	Unknown	Unknown	Run5	TruSeq	Feces	Zurich_Mus	WildMice	238	Zurich_59	-	Europe-Switzerland-Zurich	Wild	Adult	Unknown	Male	Unknown	WildMice	Feces	CH	UZH	379	F	University of Zurich	CH_UZH_379_F	Metagenomics
W1341	Zurich	Adult	Unknown	Unknown	Run5	TruSeq	Feces	Zurich_Mus	WildMice	239	Zurich_60	-	Europe-Switzerland-Zurich	Wild	Adult	Unknown	Male	Unknown	WildMice	Feces	CH	UZH	380	F	University of Zurich	CH_UZH_380_F	Metagenomics
W1343	Zurich	Adult	Unknown	Unknown	Run5	TruSeq	Feces	Zurich_Mus	WildMice	241	Zurich_61	-	Europe-Switzerland-Zurich	Wild	Adult	Unknown	Male	Unknown	WildMice	Feces	CH	UZH	382	F	University of Zurich	CH_UZH_382_F	Metagenomics
W1344	Zurich	Adult	Unknown	Unknown	Run5	TruSeq	Feces	Zurich_Mus	WildMice	242	Zurich_62	-	Europe-Switzerland-Zurich	Wild	Adult	Unknown	Female	Unknown	WildMice	Feces	CH	UZH	383	F	University of Zurich	CH_UZH_383_F	Metagenomics
W1347	Zurich	Adult	Unknown	Unknown	Run5	TruSeq	Feces	Zurich_Mus	WildMice	245	Zurich_63	-	Europe-Switzerland-Zurich	Wild	Adult	Unknown	Female	Unknown	WildMice	Feces	CH	UZH	386	F	University of Zurich	CH_UZH_386_F	Metagenomics
W1350	Zurich	Adult	Unknown	Unknown	Run5	TruSeq	Feces	Zurich_Mus	WildMice	248	Zurich_64	-	Europe-Switzerland-Zurich	Wild	Adult	Unknown	Female	Unknown	WildMice	Feces	CH	UZH	390	F	University of Zurich	CH_UZH_390_F	Metagenomics
W1351	Zurich	Adult	Unknown	Unknown	Run5	TruSeq	Feces	Zurich_Mus	WildMice	249	Zurich_65	-	Europe-Switzerland-Zurich	Wild	Adult	Unknown	Female	Unknown	WildMice	Feces	CH	UZH	391	F	University of Zurich	CH_UZH_391_F	Metagenomics
